registration_id,activity_id,volunteer_id,volunteer_name,volunteer_phone,register_time
REG001,ACT001,V001,陈明,13800001001,2026-04-01 10:00:00
REG002,ACT001,V002,刘洋,13800001002,2026-04-01 11:00:00
REG003,ACT001,V003,黄丽,13800001003,2026-04-02 09:00:00
REG004,ACT001,V004,周杰,13800001004,2026-04-02 14:00:00
REG005,ACT001,V005,吴敏,13800001005,2026-04-03 08:00:00
REG006,ACT001,V006,孙涛,13800001006,2026-04-03 10:00:00
REG007,ACT001,V007,马琳,13800001007,2026-04-04 09:00:00
REG008,ACT001,V008,郑浩,13800001008,2026-04-04 15:00:00
REG009,ACT001,V009,林静,13800001009,2026-04-05 10:00:00
REG010,ACT001,V010,何磊,13800001010,2026-04-05 11:00:00
REG011,ACT002,V001,陈明,13800001001,2026-04-08 09:00:00
REG012,ACT002,V003,黄丽,13800001003,2026-04-08 10:00:00
REG013,ACT002,V005,吴敏,13800001005,2026-04-09 09:00:00
REG014,ACT002,V007,马琳,13800001007,2026-04-09 11:00:00
REG015,ACT002,V009,林静,13800001009,2026-04-10 08:00:00
REG016,ACT002,V011,杨帆,13800001011,2026-04-10 10:00:00
REG017,ACT002,V012,冯雪,13800001012,2026-04-11 09:00:00
REG018,ACT002,V013,许强,13800001013,2026-04-11 14:00:00
REG019,ACT002,V014,田甜,13800001014,2026-04-12 10:00:00
REG020,ACT002,V015,罗刚,13800001015,2026-04-12 11:00:00
REG021,ACT002,V002,刘洋,13800001002,2026-04-08 14:00:00
REG022,ACT002,V004,周杰,13800001004,2026-04-09 15:00:00
REG023,ACT003,V001,陈明,13800001001,2026-04-15 09:00:00
REG024,ACT003,V003,黄丽,13800001003,2026-04-15 10:00:00
REG025,ACT003,V006,孙涛,13800001006,2026-04-16 09:00:00
REG026,ACT003,V008,郑浩,13800001008,2026-04-16 11:00:00
REG027,ACT003,V011,杨帆,13800001011,2026-04-17 08:00:00
REG028,ACT003,V013,许强,13800001013,2026-04-17 10:00:00
REG029,ACT003,V016,曹丽,13800001016,2026-04-18 09:00:00
REG030,ACT003,V017,彭博,13800001017,2026-04-18 10:00:00
REG031,ACT004,V001,陈明,13800001001,2026-04-22 09:00:00
REG032,ACT004,V002,刘洋,13800001002,2026-04-22 10:00:00
REG033,ACT004,V004,周杰,13800001004,2026-04-23 09:00:00
REG034,ACT004,V005,吴敏,13800001005,2026-04-23 11:00:00
REG035,ACT004,V007,马琳,13800001007,2026-04-24 08:00:00
REG036,ACT004,V009,林静,13800001009,2026-04-24 10:00:00
REG037,ACT004,V010,何磊,13800001010,2026-04-25 09:00:00
REG038,ACT004,V012,冯雪,13800001012,2026-04-25 14:00:00
REG039,ACT004,V014,田甜,13800001014,2026-04-26 09:00:00
REG040,ACT004,V015,罗刚,13800001015,2026-04-26 10:00:00
REG041,ACT004,V016,曹丽,13800001016,2026-04-26 11:00:00
REG042,ACT004,V017,彭博,13800001017,2026-04-26 14:00:00
REG043,ACT004,V018,蒋涛,13800001018,2026-04-26 15:00:00
REG044,ACT005,V001,陈明,13800001001,2026-04-29 09:00:00
REG045,ACT005,V002,刘洋,13800001002,2026-04-29 10:00:00
REG046,ACT005,V003,黄丽,13800001003,2026-04-30 09:00:00
REG047,ACT005,V004,周杰,13800001004,2026-04-30 11:00:00
REG048,ACT005,V005,吴敏,13800001005,2026-05-01 08:00:00
REG049,ACT005,V006,孙涛,13800001006,2026-05-01 10:00:00
REG050,ACT005,V007,马琳,13800001007,2026-05-02 09:00:00
REG051,ACT005,V008,郑浩,13800001008,2026-05-02 14:00:00
REG052,ACT005,V009,林静,13800001009,2026-05-03 09:00:00
REG053,ACT005,V010,何磊,13800001010,2026-05-03 10:00:00
REG054,ACT005,V011,杨帆,13800001011,2026-05-03 11:00:00
REG055,ACT005,V012,冯雪,13800001012,2026-05-03 14:00:00
REG056,ACT005,V019,谢辉,13800001019,2026-05-03 15:00:00
REG057,ACT005,V020,韩梅,13800001020,2026-05-03 16:00:00
REG058,ACT006,V001,陈明,13800001001,2026-05-06 09:00:00
REG059,ACT006,V003,黄丽,13800001003,2026-05-06 10:00:00
REG060,ACT006,V007,马琳,13800001007,2026-05-07 09:00:00
REG061,ACT006,V009,林静,13800001009,2026-05-07 11:00:00
REG062,ACT006,V013,许强,13800001013,2026-05-08 08:00:00
REG063,ACT006,V015,罗刚,13800001015,2026-05-08 10:00:00
REG064,ACT006,V016,曹丽,13800001016,2026-05-09 09:00:00
REG065,ACT006,V021,邓伟,13800001021,2026-05-09 10:00:00
REG066,ACT006,V022,沈静,13800001022,2026-05-10 09:00:00
REG067,ACT006,V023,高飞,13800001023,2026-05-10 11:00:00
REG068,ACT007,V002,刘洋,13800001002,2026-05-13 09:00:00
REG069,ACT007,V004,周杰,13800001004,2026-05-13 10:00:00
REG070,ACT007,V006,孙涛,13800001006,2026-05-14 09:00:00
REG071,ACT007,V008,郑浩,13800001008,2026-05-14 11:00:00
REG072,ACT007,V010,何磊,13800001010,2026-05-15 08:00:00
REG073,ACT007,V012,冯雪,13800001012,2026-05-15 10:00:00
REG074,ACT007,V014,田甜,13800001014,2026-05-16 09:00:00
REG075,ACT007,V017,彭博,13800001017,2026-05-16 14:00:00
REG076,ACT007,V018,蒋涛,13800001018,2026-05-17 09:00:00
REG077,ACT007,V019,谢辉,13800001019,2026-05-17 10:00:00
REG078,ACT007,V020,韩梅,13800001020,2026-05-17 11:00:00
REG079,ACT008,V001,陈明,13800001001,2026-05-20 09:00:00
REG080,ACT008,V002,刘洋,13800001002,2026-05-20 10:00:00
REG081,ACT008,V003,黄丽,13800001003,2026-05-21 09:00:00
REG082,ACT008,V005,吴敏,13800001005,2026-05-21 11:00:00
REG083,ACT008,V007,马琳,13800001007,2026-05-22 08:00:00
REG084,ACT008,V009,林静,13800001009,2026-05-22 10:00:00
REG085,ACT008,V011,杨帆,13800001011,2026-05-23 09:00:00
REG086,ACT008,V013,许强,13800001013,2026-05-23 14:00:00
REG087,ACT008,V015,罗刚,13800001015,2026-05-24 09:00:00
REG088,ACT008,V021,邓伟,13800001021,2026-05-24 10:00:00
REG089,ACT008,V022,沈静,13800001022,2026-05-24 11:00:00
REG090,ACT008,V024,梁宇,13800001024,2026-05-24 14:00:00
