signin_id,activity_id,volunteer_id,signin_time
SIN001,ACT001,V001,2026-04-06 08:30:00
SIN002,ACT001,V002,2026-04-06 08:35:00
SIN003,ACT001,V003,2026-04-06 08:40:00
SIN004,ACT001,V004,2026-04-06 08:45:00
SIN005,ACT001,V005,2026-04-06 08:50:00
SIN006,ACT001,V007,2026-04-06 08:55:00
SIN007,ACT001,V008,2026-04-06 09:00:00
SIN008,ACT001,V009,2026-04-06 09:00:00
SIN009,ACT001,V010,2026-04-06 09:05:00
SIN010,ACT002,V001,2026-04-13 09:00:00
SIN011,ACT002,V003,2026-04-13 09:05:00
SIN012,ACT002,V005,2026-04-13 09:10:00
SIN013,ACT002,V007,2026-04-13 09:10:00
SIN014,ACT002,V009,2026-04-13 09:15:00
SIN015,ACT002,V011,2026-04-13 09:20:00
SIN016,ACT002,V012,2026-04-13 09:25:00
SIN017,ACT002,V014,2026-04-13 09:30:00
SIN018,ACT003,V001,2026-04-20 08:50:00
SIN019,ACT003,V003,2026-04-20 08:55:00
SIN020,ACT003,V006,2026-04-20 09:00:00
SIN021,ACT003,V008,2026-04-20 09:00:00
SIN022,ACT003,V011,2026-04-20 09:05:00
SIN023,ACT004,V001,2026-04-27 07:30:00
SIN024,ACT004,V002,2026-04-27 07:35:00
SIN025,ACT004,V004,2026-04-27 07:40:00
SIN026,ACT004,V005,2026-04-27 07:40:00
SIN027,ACT004,V007,2026-04-27 07:45:00
SIN028,ACT004,V009,2026-04-27 07:50:00
SIN029,ACT004,V010,2026-04-27 07:50:00
SIN030,ACT004,V012,2026-04-27 07:55:00
SIN031,ACT004,V014,2026-04-27 08:00:00
SIN032,ACT004,V015,2026-04-27 08:00:00
SIN033,ACT004,V017,2026-04-27 08:05:00
SIN034,ACT004,V018,2026-04-27 08:10:00
SIN035,ACT005,V001,2026-05-04 08:20:00
SIN036,ACT005,V002,2026-05-04 08:25:00
SIN037,ACT005,V003,2026-05-04 08:30:00
SIN038,ACT005,V004,2026-05-04 08:30:00
SIN039,ACT005,V005,2026-05-04 08:35:00
SIN040,ACT005,V006,2026-05-04 08:40:00
SIN041,ACT005,V007,2026-05-04 08:40:00
SIN042,ACT005,V008,2026-05-04 08:45:00
SIN043,ACT005,V009,2026-05-04 08:50:00
SIN044,ACT005,V010,2026-05-04 08:50:00
SIN045,ACT005,V011,2026-05-04 08:55:00
SIN046,ACT005,V019,2026-05-04 09:00:00
SIN047,ACT005,V020,2026-05-04 09:00:00
SIN048,ACT006,V001,2026-05-11 13:30:00
SIN049,ACT006,V003,2026-05-11 13:35:00
SIN050,ACT006,V007,2026-05-11 13:40:00
SIN051,ACT006,V013,2026-05-11 13:45:00
SIN052,ACT006,V015,2026-05-11 13:50:00
SIN053,ACT006,V016,2026-05-11 13:50:00
SIN054,ACT006,V021,2026-05-11 14:00:00
SIN055,ACT007,V002,2026-05-18 08:30:00
SIN056,ACT007,V004,2026-05-18 08:35:00
SIN057,ACT007,V006,2026-05-18 08:40:00
SIN058,ACT007,V008,2026-05-18 08:45:00
SIN059,ACT007,V010,2026-05-18 08:50:00
SIN060,ACT007,V012,2026-05-18 08:50:00
SIN061,ACT007,V014,2026-05-18 08:55:00
SIN062,ACT007,V017,2026-05-18 09:00:00
SIN063,ACT007,V018,2026-05-18 09:00:00
SIN064,ACT007,V019,2026-05-18 09:05:00
SIN065,ACT007,V020,2026-05-18 09:10:00
SIN066,ACT008,V001,2026-05-25 09:00:00
SIN067,ACT008,V002,2026-05-25 09:05:00
SIN068,ACT008,V003,2026-05-25 09:10:00
SIN069,ACT008,V005,2026-05-25 09:10:00
SIN070,ACT008,V007,2026-05-25 09:15:00
SIN071,ACT008,V009,2026-05-25 09:20:00
SIN072,ACT008,V011,2026-05-25 09:20:00
SIN073,ACT008,V013,2026-05-25 09:25:00
SIN074,ACT008,V015,2026-05-25 09:30:00
SIN075,ACT008,V021,2026-05-25 09:30:00
SIN076,ACT008,V024,2026-05-25 09:35:00
